access_mult,N_at_risk,prevalence,dE_over_T_p10,dE_over_T_p90,dE_over_T_IQR,median_logM,logM_p10,logM_p90,var_logM,route_top1_mean,route_H_mean,route_top1_success,route_H_success,route_top1_fail,route_H_fail,AUC_M,AUC_dE_over_T,AUC_M_plus_dE,dAUC_MplusdE,AUC_M_plus_dE_interaction,dAUC_interaction_over_MplusdE
0.64,203,0.45320197044334976,0.18642033333333335,0.9318558888888889,0.4033159722222222,4.936029284096125,4.870222473504973,5.068310380242468,0.006765430187993921,0.12615434727572508,2.659251414825353,0.12634002799964214,2.660960412046777,0.12600044973878483,2.657834948659848,0.6119271445358402,0.36878182530356446,0.6416960438699569,0.02976889933411675,0.641500195848022,-0.00019584802193495232
0.65,202,0.42574257425742573,0.18441652777777778,0.9338177777777776,0.405179375,5.00433157395383,4.874646756357757,5.070620490130854,0.007014128185685667,0.12421289902935223,2.657759318634257,0.1248412794587177,2.6616090956990948,0.12374703077999509,2.654905173568947,0.558841218925421,0.39655172413793105,0.6305132317562149,0.07167201283079383,0.6306134723336007,0.00010024057738577952
0.66,206,0.4563106796116505,0.18274333333333334,0.9362024444444444,0.4064863888888888,4.926240041574162,4.874218090997522,5.068658876439903,0.006926852196621875,0.12573499200071528,2.657230054578527,0.1282973988538721,2.6588841850128904,0.12358440053467298,2.6558417665354006,0.4944908814589666,0.48765197568389057,0.523176291793313,0.02868541033434646,0.5238411854103343,0.0006648936170212671
