access_mult,mean_bin_AUC_dE_over_T,max_bin_AUC_dE_over_T
0.64,0.47268823768823764,0.75
0.65,0.41858829980935247,0.6026666666666667
0.66,0.46500377073906485,0.6
