cell_id,T_level,anneal_T,tempered_T,access_mult,N_at_risk,prevalence,AUC_M_acc_w,AUC_dE_over_T,AUC_M_plus_dE,dAUC,class,dE_over_T_p10,dE_over_T_p90
cell_01_baseline_a0.63,baseline,0.9,1.2,0.63,199,0.4221105527638191,0.5642857142857143,0.43478260869565216,0.5665631469979296,0.002277432712215366,onset-dominated,0.6862495,0.973110888888889
cell_02_baseline_a0.64,baseline,0.9,1.2,0.64,203,0.45320197044334976,0.6119271445358402,0.36878182530356446,0.6416960438699569,0.02976889933411675,onset-dominated,0.6915946666666667,0.9736271111111111
cell_03_baseline_a0.65,baseline,0.9,1.2,0.65,202,0.42574257425742573,0.558841218925421,0.39655172413793105,0.6305132317562149,0.07167201283079383,barrier-emergent,0.6862219166666667,0.9700155555555555
cell_04_baseline_a0.66,baseline,0.9,1.2,0.66,206,0.4563106796116505,0.4944908814589666,0.48765197568389057,0.523176291793313,0.02868541033434646,onset-dominated,0.6902766666666666,0.9771605555555555
cell_05_high_a0.66,high,1.05,1.4,0.66,200,0.43,0.6127090983272134,0.36658506731946144,0.635046919624643,0.02233782129742956,onset-dominated,0.596656142857143,0.8517299047619047
cell_06_high_a0.67,high,1.05,1.4,0.67,199,0.4824120603015075,0.5371156957928802,0.45059668284789645,0.5505663430420712,0.013450647249190983,onset-dominated,0.6002684285714286,0.8553740952380953
cell_07_high_a0.68,high,1.05,1.4,0.68,208,0.40865384615384615,0.6104256336681014,0.36881874701099954,0.6300334768053563,0.019607843137254832,onset-dominated,0.5997233571428572,0.8530153333333333
cell_08_high_a0.69,high,1.05,1.4,0.69,201,0.39800995024875624,0.5542355371900827,0.4441115702479339,0.5539256198347108,-0.00030991735537189147,onset-dominated,0.6004135714285714,0.8548142857142856
