{
  "file": "cad_assets\\normalized_step\\lunar_weevil_candidates\\apex_AE090_dt90_px90_p1110300004.step",
  "timestamp": "2026-02-21T19:21:53.555615+00:00",
  "volume": 47313.88687949893,
  "mass_proxy_density_1": 47313.88687949893,
  "com": {
    "x": 2.1249498549167224e-12,
    "y": 5.468735052951108,
    "z": -1.8008281194977751e-12
  },
  "inertia_tensor": [
    [
      46508685.93358569,
      -5.433607092882504e-07,
      0.004005420780231361
    ],
    [
      -5.433607092882504e-07,
      92011252.4436608,
      4.6574193514367523e-07
    ],
    [
      0.004005420780231361,
      4.6574193514367523e-07,
      46508722.67875371
    ]
  ],
  "bounding_box": {
    "x": 92.00000000000381,
    "y": 12.50000000000019,
    "z": 92.00000000000384
  },
  "surface_area": 17779.788989233377,
  "evidence_tier": "geometry_only"
}