{
  "file": "synthetic:ae060_equiv_blend_ae050_ae070",
  "timestamp": "2026-02-21T14:33:00-05:00",
  "volume": 22949.684457014966,
  "mass_proxy_density_1": 22949.684457014966,
  "surface_area": 11214.02763155909,
  "com": {
    "x": 4.402818052347247e-13,
    "y": 3.7126597511735646,
    "z": -7.216040201143203e-13
  },
  "bounding_box": {
    "x": 68.60000000000143,
    "y": 9.500000000000078,
    "z": 68.60000000000142
  },
  "inertia_tensor": [
    [
      13499196.782232212,
      2.032925610620813e-08,
      0.003055522124611798
    ],
    [
      2.032925610620813e-08,
      26747270.506341495,
      -4.905137023639423e-09
    ],
    [
      0.003055522124611798,
      -4.905137023639423e-09,
      13499196.780581139
    ]
  ],
  "evidence_tier": "geometry_only",
  "synthetic": true,
  "source_blend": [
    "params_apex_AE050_nema23_p1110100002.json",
    "params_apex_AE070_metric_p1110200001.json"
  ]
}