{
  "file": "cad_assets\\normalized_step\\lunar_weevil_candidates\\apex_AE050_nema23_p1110100002.step",
  "timestamp": "2026-02-21T19:21:53.449915+00:00",
  "volume": 13149.926280064157,
  "mass_proxy_density_1": 13149.926280064157,
  "com": {
    "x": 1.538076985577791e-12,
    "y": 3.2198178313679864,
    "z": -2.0675999054590493e-12
  },
  "inertia_tensor": [
    [
      4414258.317097709,
      -7.273027721773692e-08,
      0.006111251792276562
    ],
    [
      -7.273027721773692e-08,
      8731807.678233016,
      9.917226069618067e-08
    ],
    [
      0.006111251792276562,
      9.917226069618067e-08,
      4414258.313795708
    ]
  ],
  "bounding_box": {
    "x": 57.20000000000195,
    "y": 8.000000000000087,
    "z": 57.20000000000195
  },
  "surface_area": 7719.772205812459,
  "evidence_tier": "geometry_only"
}