{
  "file": "cad_assets\\normalized_step\\lunar_weevil_candidates\\apex_AE070_metric_p1110200001.step",
  "timestamp": "2026-02-21T19:20:09.249268+00:00",
  "volume": 32749.442633965773,
  "mass_proxy_density_1": 32749.442633965773,
  "com": {
    "x": -6.575133751083415e-13,
    "y": 4.205501670979142,
    "z": 6.243918652304087e-13
  },
  "inertia_tensor": [
    [
      22584135.247366715,
      1.1338878943015317e-07,
      -2.0754305296578858e-07
    ],
    [
      1.1338878943015317e-07,
      44762733.33444997,
      -1.0898253474345951e-07
    ],
    [
      -2.0754305296578858e-07,
      -1.0898253474345951e-07,
      22584135.24736657
    ]
  ],
  "bounding_box": {
    "x": 80.00000000000091,
    "y": 11.00000000000007,
    "z": 80.00000000000088
  },
  "surface_area": 14708.283057305724,
  "evidence_tier": "geometry_only"
}