access_mult,N_at_risk,prevalence,AUC_M_acc_w,AUC_dE_over_T,AUC_combined,dAUC_combined_minus_Macc,dE_over_T_p10,dE_over_T_p90,median_log_Macc,log_Macc_p10,log_Macc_p90
0.66,107,0.4392523364485981,0.5014184397163121,0.5312056737588653,0.5670212765957446,0.06560283687943258,0.6908075,0.9718888888888888,4.921255281375282,4.880521884065276,5.0703323193261784
0.68,98,0.37755102040816324,0.5715551617190961,0.44350908285334517,0.5875055383252105,0.015950376606114314,0.6848809166666667,0.9748486666666666,4.933431784272832,4.881457856447413,5.070742056320732
0.64,102,0.5,0.5851595540176855,0.39946174548250674,0.5890042291426374,0.0038446751249519018,0.6886690833333333,0.9650845555555554,4.939906210441897,4.871133804049099,5.063561290638312
0.62,94,0.43617021276595747,0.6626783248964565,0.349286700414174,0.664979291302347,0.0023009664058905033,0.69277075,0.9639326666666665,4.936281883322485,4.877476897791168,5.065092254293527
