cell_id,barrier_mult,access_mult,temp_level,N_at_risk,prevalence,AUC_M_acc_w,AUC_dE_over_T,AUC_combined,dAUC_combined_minus_Macc,M_acc_w_median,M_acc_w_p10,M_acc_w_p90,cell_class
cell_03,1.0,0.7,baseline,97,0.4639175257731959,0.5555555555555556,0.40854700854700854,0.5935897435897436,0.03803418803418801,151.572385,131.86566639999998,158.99457139999998,TRANSITIONAL
cell_04,1.0,0.7,low,96,0.46875,0.5498910675381263,0.4888888888888889,0.5864923747276688,0.036601307189542465,113.2886625,97.68383,128.93751749999998,TRANSITIONAL
cell_01,1.0,1.0,baseline,104,0.41346153846153844,0.5409836065573771,0.46244757910789175,0.5379336637438048,-0.003049942813572293,148.3260575,131.8473813,158.9357831,ONSET-DOMINATED
cell_02,1.0,1.0,low,100,0.38,0.5263157894736842,0.48174872665534807,0.5611205432937182,0.03480475382003401,116.17331349999999,98.9809429,131.5952931,TRANSITIONAL
cell_07,2.0,0.7,baseline,98,0.4489795918367347,0.6696127946127947,0.32954545454545453,0.6666666666666666,-0.00294612794612803,131.8638735,125.73026889999998,148.61439700000003,ONSET-DOMINATED
cell_08,2.0,0.7,low,97,0.4845360824742268,0.5825531914893617,0.4451063829787234,0.5863829787234043,0.003829787234042592,100.20097000000001,92.6578374,119.6004064,ONSET-DOMINATED
cell_05,2.0,1.0,baseline,100,0.38,0.5615449915110357,0.43357385398981324,0.5645161290322581,0.0029711375212224667,135.914323,126.7026811,150.1689704,ONSET-DOMINATED
cell_06,2.0,1.0,low,93,0.46236559139784944,0.6088372093023255,0.3827906976744186,0.6190697674418605,0.010232558139534942,101.25956000000001,94.24884,122.6048776,ONSET-DOMINATED
