cell_id,barrier_mult,access_mult,temp_level,N_at_risk,prevalence,AUC_M_acc_w,AUC_dE_over_T,AUC_combined,dAUC_combined_minus_Macc,M_acc_w_median,M_acc_w_p10,M_acc_w_p90,dE_over_T_p10,dE_over_T_p90,cell_class
cell_03,1.0,0.65,baseline,100,0.46,0.5740740740740741,0.358695652173913,0.6549919484702094,0.08091787439613529,144.658996,131.4613364,159.27478140000002,0.6879363333333334,0.9641575555555556,BARRIER-EMERGENT
cell_05,1.0,0.7,baseline,97,0.4639175257731959,0.5555555555555556,0.40854700854700854,0.5935897435897436,0.03803418803418801,151.572385,131.86566639999998,158.99457139999998,0.688403,0.9773695555555555,TRANSITIONAL
cell_06,1.0,0.7,low,96,0.46875,0.5498910675381263,0.4888888888888889,0.5864923747276688,0.036601307189542465,113.2886625,97.68383,128.93751749999998,0.96166375,1.3411475000000002,TRANSITIONAL
cell_01,1.0,0.6,baseline,91,0.4835164835164835,0.6484526112185687,0.3365570599613153,0.6663442940038685,0.017891682785299845,135.77635,129.43988199999998,158.477555,0.6937841666666666,0.9642633333333333,ONSET-DOMINATED
cell_04,1.0,0.65,low,101,0.45544554455445546,0.5553359683794467,0.4324110671936759,0.5600790513833992,0.004743083003952542,119.976034,96.63532699999999,129.21854000000002,0.9610549999999999,1.32095,ONSET-DOMINATED
cell_02,1.0,0.6,low,102,0.47058823529411764,0.5686728395061729,0.4486882716049383,0.5667438271604939,-0.0019290123456789932,104.650795,95.9797212,127.9889769,0.948442625,1.2950796666666669,ONSET-DOMINATED
